Video,,,,,,,,,,,,,,,,,,
www.youtube-nocookie.com/embed/slL9XfBYylg,,,,,,,,,,,,,,,,,,
www.youtube-nocookie.com/embed/WQaOgqCX1vY,,,,,,,,,,,,,,,,,,
www.youtube-nocookie.com/embed/9SmquCd-aIY,,,,,,,,,,,,,,,,,,
www.youtube-nocookie.com/embed/_xXFGvk_iGM,,,,,,,,,,,,,,,,,,
www.youtube-nocookie.com/embed/Or6goz_NPFk,,,,,,,,,,,,,,,,,,
www.youtube-nocookie.com/embed/mqkm17ab2YY,,,,,,,,,,,,,,,,,,
www.youtube-nocookie.com/embed/d-yqnM6EoQ4,,,,,,,,,,,,,,,,,,
www.youtube-nocookie.com/embed/4RvEwLJ0Z9,,,,,,,,,,,,,,,,,,
www.youtube-nocookie.com/embed/bLTXhUOmF3Y,,,,,,,,,,,,,,,,,,
www.youtube-nocookie.com/embed/cqmCDdqaqZk,,,,,,,,,,,,,,,,,,
www.youtube-nocookie.com/embed/4jpOYxRyTFY,,,,,,,,,,,,,,,,,,
www.youtube-nocookie.com/embed/WMkTKDOMuZg,,,,,,,,,,,,,,,,,,
www.youtube-nocookie.com/embed/kaPNFRdlDdE,,,,,,,,,,,,,,,,,,
www.youtube-nocookie.com/embed/4l3aZV1LqEo,,,,,,,,,,,,,,,,,,
www.youtube-nocookie.com/embed/nL-VSw-r4DY,,,,,,,,,,,,,,,,,,
www.youtube-nocookie.com/embed/Ua0PdBd1_8k,,,,,,,,,,,,,,,,,,
www.youtube-nocookie.com/embed/4fzYIAnRUxE,,,,,,,,,,,,,,,,,,
www.youtube-nocookie.com/embed/2CrF3oALLwk,,,,,,,,,,,,,,,,,,
www.youtube-nocookie.com/embed/vQF3ZJd-GuA,,,,,,,,,,,,,,,,,,
www.youtube-nocookie.com/embed/mQhN_XFrlGI,,,,,,,,,,,,,,,,,,
www.youtube-nocookie.com/embed/PD_yG0IMxDA,,,,,,,,,,,,,,,,,,
www.youtube-nocookie.com/embed/cfapphn-4hQ,,,,,,,,,,,,,,,,,,
www.youtube-nocookie.com/embed/1Ks6rmFFk3o,,,,,,,,,,,,,,,,,,
www.youtube-nocookie.com/embed/zXwUMhOMIWM,,,,,,,,,,,,,,,,,,
www.youtube-nocookie.com/embed/hB1eVXZZkSs,,,,,,,,,,,,,,,,,,
www.youtube-nocookie.com/embed/TG5x2VO69JQ,,,,,,,,,,,,,,,,,,
www.youtube-nocookie.com/embed/yDZdNiYvDUE,,,,,,,,,,,,,,,,,,
www.youtube-nocookie.com/embed/4zwGRaEr5AM,,,,,,,,,,,,,,,,,,
www.youtube-nocookie.com/embed/EEe8ngqyPrk,,,,,,,,,,,,,,,,,,
www.youtube-nocookie.com/embed/8aksGrevd1Y,,,,,,,,,,,,,,,,,,
www.youtube-nocookie.com/embed/f_uZhNeYvao,,,,,,,,,,,,,,,,,,
www.youtube-nocookie.com/embed/IakglawOA7A,,,,,,,,,,,,,,,,,,
www.youtube-nocookie.com/embed/QcjKrEmdhfA,,,,,,,,,,,,,,,,,,
www.youtube-nocookie.com/embed/wQZbqMRbuHc,,,,,,,,,,,,,,,,,,
www.youtube-nocookie.com/embed/QJZuGAu3d3o,,,,,,,,,,,,,,,,,,
www.youtube-nocookie.com/embed/QqUS4JGbb3I,,,,,,,,,,,,,,,,,,
www.youtube-nocookie.com/embed/b74x2MOfOno,,,,,,,,,,,,,,,,,,
www.youtube-nocookie.com/embed/NImu--Zl8rc,,,,,,,,,,,,,,,,,,
www.youtube-nocookie.com/embed/LNpGKYUB0UI,,,,,,,,,,,,,,,,,,
www.youtube-nocookie.com/embed/ArO-qUT7Zmw,,,,,,,,,,,,,,,,,,
www.youtube-nocookie.com/embed/b_lBuPagkHc,,,,,,,,,,,,,,,,,,
www.youtube-nocookie.com/embed/cyIXlmtYfko,,,,,,,,,,,,,,,,,,
www.youtube-nocookie.com/embed/3WdxTrxQDZs,,,,,,,,,,,,,,,,,,
www.youtube-nocookie.com/embed/CmWX2kqPn2M,,,,,,,,,,,,,,,,,,
www.youtube-nocookie.com/embed/vRoCyrYCYVg,,,,,,,,,,,,,,,,,,
www.youtube-nocookie.com/embed/Woup2yPwO5E,,,,,,,,,,,,,,,,,,
www.youtube-nocookie.com/embed/HDe2sLyKtRM,,,,,,,,,,,,,,,,,,
www.youtube-nocookie.com/embed/YYhp6HkgKMM,,,,,,,,,,,,,,,,,,
www.youtube-nocookie.com/embed/1z38xToPvdg,,,,,,,,,,,,,,,,,,
www.youtube-nocookie.com/embed/2rDUcx4TzV8,,,,,,,,,,,,,,,,,,
www.youtube-nocookie.com/embed/2QTPSZ4SDFg,,,,,,,,,,,,,,,,,,
www.youtube-nocookie.com/embed/iXg0v1tOTyI,,,,,,,,,,,,,,,,,,
www.youtube-nocookie.com/embed/XGpCww-dxO8,,,,,,,,,,,,,,,,,,
www.youtube-nocookie.com/embed/LsmpvWemPJk,,,,,,,,,,,,,,,,,,
www.youtube-nocookie.com/embed/IPu555jGKiE,,,,,,,,,,,,,,,,,,
www.youtube-nocookie.com/embed/8PCp3jqUAgs,,,,,,,,,,,,,,,,,,
www.youtube-nocookie.com/embed/w60sxqKzsLU,,,,,,,,,,,,,,,,,,
www.youtube-nocookie.com/embed/TGqJYnfOEpA,,,,,,,,,,,,,,,,,,
www.youtube-nocookie.com/embed/NnsPsLQbPfU,,,,,,,,,,,,,,,,,,
www.youtube-nocookie.com/embed/-3Gtj5ettLw,,,,,,,,,,,,,,,,,,
www.youtube-nocookie.com/embed/24SaMDWwQGI,,,,,,,,,,,,,,,,,,
www.youtube-nocookie.com/embed/qmtWTtGVBTo,,,,,,,,,,,,,,,,,,
www.youtube-nocookie.com/embed/pCSa7kYoSV4,,,,,,,,,,,,,,,,,,
www.youtube-nocookie.com/embed/56FutO4h3Po,,,,,,,,,,,,,,,,,,
www.youtube-nocookie.com/embed/V5oVuZnEVf0,,,,,,,,,,,,,,,,,,
www.youtube-nocookie.com/embed/g0yLEzRGro0,,,,,,,,,,,,,,,,,,
www.youtube-nocookie.com/embed/YWo_si6GQVs,,,,,,,,,,,,,,,,,,
www.youtube-nocookie.com/embed/4TPeCq-eX7g,,,,,,,,,,,,,,,,,,
www.youtube-nocookie.com/embed/lDuHGZz7YM4,,,,,,,,,,,,,,,,,,
www.youtube-nocookie.com/embed/ToIEFgsBjyw,,,,,,,,,,,,,,,,,,
www.youtube-nocookie.com/embed/PRckonRxKH0,,,,,,,,,,,,,,,,,,
www.youtube-nocookie.com/embed/4-ZMYE70ZZY,,,,,,,,,,,,,,,,,,
www.youtube-nocookie.com/embed/8TCnLQyelDA,,,,,,,,,,,,,,,,,,
www.youtube-nocookie.com/embed/UD4D3m4gxaM,,,,,,,,,,,,,,,,,,
www.youtube-nocookie.com/embed/ZP10YZBcAco,,,,,,,,,,,,,,,,,,
www.youtube-nocookie.com/embed/QTh0DUisPlY,,,,,,,,,,,,,,,,,,
www.youtube-nocookie.com/embed/yHn7bXxrbIE,,,,,,,,,,,,,,,,,,
www.youtube-nocookie.com/embed/ibJ1noa70Kk,,,,,,,,,,,,,,,,,,
www.youtube-nocookie.com/embed/rnOgaT6V3RE,,,,,,,,,,,,,,,,,,
www.youtube-nocookie.com/embed/5CuJjSk4U38,,,,,,,,,,,,,,,,,,
www.youtube-nocookie.com/embed/2hN5eJ30kw8,,,,,,,,,,,,,,,,,,
www.youtube-nocookie.com/embed/boCoVVodh0A,,,,,,,,,,,,,,,,,,
www.youtube-nocookie.com/embed/EX5Og_HtYms,,,,,,,,,,,,,,,,,,
www.youtube-nocookie.com/embed/k9lYBQwYSEc,,,,,,,,,,,,,,,,,,
www.youtube-nocookie.com/embed/KVuCjH8jdbw,,,,,,,,,,,,,,,,,,
www.youtube-nocookie.com/embed/gM_Z-P_OSiY,,,,,,,,,,,,,,,,,,
www.youtube-nocookie.com/embed/RMwL9MSDByY,,,,,,,,,,,,,,,,,,
www.youtube-nocookie.com/embed/PIP_bVIrivQ,,,,,,,,,,,,,,,,,,
www.youtube-nocookie.com/embed/_DPMWsPk7LA,,,,,,,,,,,,,,,,,,
www.youtube-nocookie.com/embed/ojQDjfMcwsw,,,,,,,,,,,,,,,,,,
www.youtube-nocookie.com/embed/ZXufadramtg,,,,,,,,,,,,,,,,,,
www.youtube-nocookie.com/embed/zBkzYRBvfXw,,,,,,,,,,,,,,,,,,
www.youtube-nocookie.com/embed/BGI-MeCjYh8,,,,,,,,,,,,,,,,,,
www.youtube-nocookie.com/embed/JXRv5viPHJ8,,,,,,,,,,,,,,,,,,
www.youtube-nocookie.com/embed/GDmCuhDy1Y0,,,,,,,,,,,,,,,,,,
www.youtube-nocookie.com/embed/Xew7bPCUpbk,,,,,,,,,,,,,,,,,,
www.youtube-nocookie.com/embed/W5Gk_LmK-sI,,,,,,,,,,,,,,,,,,
www.youtube-nocookie.com/embed/DXTMis4ptcw,,,,,,,,,,,,,,,,,,
www.youtube-nocookie.com/embed/iZEBbnn9ujM,,,,,,,,,,,,,,,,,,
www.youtube-nocookie.com/embed/XJL7sFGLpxY,,,,,,,,,,,,,,,,,,
www.youtube-nocookie.com/embed/mas66su8ct4,,,,,,,,,,,,,,,,,,
www.youtube-nocookie.com/embed/G-SBEoKk9MM,,,,,,,,,,,,,,,,,,
www.youtube-nocookie.com/embed/E0087JqJXkY,,,,,,,,,,,,,,,,,,
www.youtube-nocookie.com/embed/CrbZ5SaIDNA,,,,,,,,,,,,,,,,,,
www.youtube-nocookie.com/embed/nZFAPxLY1GU,,,,,,,,,,,,,,,,,,
www.youtube-nocookie.com/embed/a85F5LpiUVw,,,,,,,,,,,,,,,,,,
www.youtube-nocookie.com/embed/R_1VrYPRjFc,,,,,,,,,,,,,,,,,,
www.youtube-nocookie.com/embed/SsJIDb83mts,,,,,,,,,,,,,,,,,,
www.youtube-nocookie.com/embed/9wHRgWmJCok,,,,,,,,,,,,,,,,,,
www.youtube-nocookie.com/embed/o0z6MtWbUIY,,,,,,,,,,,,,,,,,,
www.youtube-nocookie.com/embed/Qdr0KBNykCM,,,,,,,,,,,,,,,,,,
www.youtube-nocookie.com/embed/YcZzdOOorOY,,,,,,,,,,,,,,,,,,
www.youtube-nocookie.com/embed/wRr33QMikGs,,,,,,,,,,,,,,,,,,
www.youtube-nocookie.com/embed/th7IgtggNAc,,,,,,,,,,,,,,,,,,
www.youtube-nocookie.com/embed/wqhne24XYnY,,,,,,,,,,,,,,,,,,
www.youtube-nocookie.com/embed/XvkC9apxpTo,,,,,,,,,,,,,,,,,,
www.youtube-nocookie.com/embed/2jBhHwG4dQo,,,,,,,,,,,,,,,,,,
www.youtube-nocookie.com/embed/JJKLzMbpXB8,,,,,,,,,,,,,,,,,,
www.youtube-nocookie.com/embed/f_G1N8BH0CY,,,,,,,,,,,,,,,,,,
www.youtube-nocookie.com/embed/hcFtEDkFDAM,,,,,,,,,,,,,,,,,,
www.youtube-nocookie.com/embed/2JgQSfm0slQ,,,,,,,,,,,,,,,,,,
www.youtube-nocookie.com/embed/6M8N6sR0QKw,,,,,,,,,,,,,,,,,,
www.youtube-nocookie.com/embed/N6oMD_LD4PA,,,,,,,,,,,,,,,,,,
www.youtube-nocookie.com/embed/9GQfp8RV31A,,,,,,,,,,,,,,,,,,
www.youtube-nocookie.com/embed/r9UN1K9SkAU,,,,,,,,,,,,,,,,,,
www.youtube-nocookie.com/embed/3uA1H8zc4Pw,,,,,,,,,,,,,,,,,,
www.youtube-nocookie.com/embed/0if7RykpKUY,,,,,,,,,,,,,,,,,,
www.youtube-nocookie.com/embed/hHK_VfgXC5g,,,,,,,,,,,,,,,,,,
www.youtube-nocookie.com/embed/gWFyAMCNgyw,,,,,,,,,,,,,,,,,,
www.youtube-nocookie.com/embed/ItIMiEgkPLc,,,,,,,,,,,,,,,,,,
www.youtube-nocookie.com/embed/XuGJ_4qlOsQ,,,,,,,,,,,,,,,,,,
www.youtube-nocookie.com/embed/6y4Oyq6OR_A,,,,,,,,,,,,,,,,,,
www.youtube-nocookie.com/embed/7prHeauqEeI,,,,,,,,,,,,,,,,,,
www.youtube-nocookie.com/embed/dOW8XyQZDZY,,,,,,,,,,,,,,,,,,
www.youtube-nocookie.com/embed/RJ4dO9nmZRc,,,,,,,,,,,,,,,,,,
www.youtube-nocookie.com/embed/H-UvgmSpAuY,,,,,,,,,,,,,,,,,,
www.youtube-nocookie.com/embed/bhEAxHY7hk0,,,,,,,,,,,,,,,,,,
www.youtube-nocookie.com/embed/0F3sK2H_w_0,,,,,,,,,,,,,,,,,,
www.youtube-nocookie.com/embed/kBjuHMRsK9E,,,,,,,,,,,,,,,,,,
www.youtube-nocookie.com/embed/aZ7_v9QUPDk,,,,,,,,,,,,,,,,,,
www.youtube-nocookie.com/embed/2dCuNFS6PEA,,,,,,,,,,,,,,,,,,
www.youtube-nocookie.com/embed/j_vhEsnpn8k,,,,,,,,,,,,,,,,,,
www.youtube-nocookie.com/embed/B7i83Gl9L3Y,,,,,,,,,,,,,,,,,,
www.youtube-nocookie.com/embed/j7M5pj5xGZM,,,,,,,,,,,,,,,,,,
www.youtube-nocookie.com/embed/TRyzMv3ZXQ4,,,,,,,,,,,,,,,,,,
www.youtube-nocookie.com/embed/Tu3qdnxH-v8,,,,,,,,,,,,,,,,,,
www.youtube-nocookie.com/embed/ida9VCwTQYg,,,,,,,,,,,,,,,,,,
www.youtube-nocookie.com/embed/jIqkUarRMOc,,,,,,,,,,,,,,,,,,
www.youtube-nocookie.com/embed/UbAn2pyjrBc,,,,,,,,,,,,,,,,,,
www.youtube-nocookie.com/embed/HT3pk3Sw78E,,,,,,,,,,,,,,,,,,
www.youtube-nocookie.com/embed/VnJUrtcz8MQ,,,,,,,,,,,,,,,,,,
www.youtube-nocookie.com/embed/yV5KKmUlmsg,,,,,,,,,,,,,,,,,,
www.youtube-nocookie.com/embed/jgIPSBuIwSA,,,,,,,,,,,,,,,,,,
www.youtube-nocookie.com/embed/E6OFnFvJ5h4,,,,,,,,,,,,,,,,,,
www.youtube-nocookie.com/embed/ajp2LXAjzDQ,,,,,,,,,,,,,,,,,,
www.youtube-nocookie.com/embed/2TBq4qbppbU,,,,,,,,,,,,,,,,,,
www.youtube-nocookie.com/embed/4Q0UZsx91fo,,,,,,,,,,,,,,,,,,
www.youtube-nocookie.com/embed/O7dfFeQatXU,,,,,,,,,,,,,,,,,,
www.youtube-nocookie.com/embed/br8-eF0hWqM,,,,,,,,,,,,,,,,,,
www.youtube-nocookie.com/embed/N5WrL_56G-w,,,,,,,,,,,,,,,,,,
www.youtube-nocookie.com/embed/MX9vc3xQ4tM,,,,,,,,,,,,,,,,,,
www.youtube-nocookie.com/embed/ts1myfImAKQ,,,,,,,,,,,,,,,,,,
www.youtube-nocookie.com/embed/scnUEPR-v9A,,,,,,,,,,,,,,,,,,
www.youtube-nocookie.com/embed/2ORXmEPzAyA,,,,,,,,,,,,,,,,,,
www.youtube-nocookie.com/embed/feAPdIpuV90,,,,,,,,,,,,,,,,,,
www.youtube-nocookie.com/embed/xiAVAHpTFOA,,,,,,,,,,,,,,,,,,
www.youtube-nocookie.com/embed/OAAinXSiQpY,,,,,,,,,,,,,,,,,,
www.youtube-nocookie.com/embed/0TnJXGGhgqs,,,,,,,,,,,,,,,,,,
www.youtube-nocookie.com/embed/x0CtRnxbn0c,,,,,,,,,,,,,,,,,,
www.youtube-nocookie.com/embed/N243jtNO6RI,,,,,,,,,,,,,,,,,,
www.youtube-nocookie.com/embed/KvhJj1yzqks,,,,,,,,,,,,,,,,,,
www.youtube-nocookie.com/embed/ojwRxouD2wk,,,,,,,,,,,,,,,,,,
www.youtube-nocookie.com/embed/QSKy3RkmKs8,,,,,,,,,,,,,,,,,,
www.youtube-nocookie.com/embed/YQ3q9Q7bLN8,,,,,,,,,,,,,,,,,,
www.youtube-nocookie.com/embed/lLS4i3kvU1Q,,,,,,,,,,,,,,,,,,
www.youtube-nocookie.com/embed/GdP19YT1xgo#action=share,,,,,,,,,,,,,,,,,,
www.youtube-nocookie.com/embed/rZ8N8IpEUGI,,,,,,,,,,,,,,,,,,
www.youtube-nocookie.com/embed/Z6l_Hc7DOzU,,,,,,,,,,,,,,,,,,
www.youtube-nocookie.com/embed/z6eg_j6kG0Q,,,,,,,,,,,,,,,,,,
www.youtube-nocookie.com/embed/HGRxU9T4Yr4,,,,,,,,,,,,,,,,,,
www.youtube-nocookie.com/embed/SeOqcAtS28Q,,,,,,,,,,,,,,,,,,
www.youtube-nocookie.com/embed/zDkLUn4fOo8,,,,,,,,,,,,,,,,,,
www.youtube-nocookie.com/embed/61m2l-moltc,,,,,,,,,,,,,,,,,,
www.youtube-nocookie.com/embed/ZhHmDRSKgvI,,,,,,,,,,,,,,,,,,
www.youtube-nocookie.com/embed/yRFZu40Vx1Q,,,,,,,,,,,,,,,,,,
www.youtube-nocookie.com/embed/JEvnmEE_Me0,,,,,,,,,,,,,,,,,,
www.youtube-nocookie.com/embed/NIxWpqcj8t4,,,,,,,,,,,,,,,,,,
www.youtube-nocookie.com/embed/TKpIccKDOuI,,,,,,,,,,,,,,,,,,
www.youtube-nocookie.com/embed/J9SkncDLTdY,,,,,,,,,,,,,,,,,,
www.youtube-nocookie.com/embed/rh1Z-i14-h0,,,,,,,,,,,,,,,,,,
www.youtube-nocookie.com/embed/tBj6GZYAdus,,,,,,,,,,,,,,,,,,
www.youtube-nocookie.com/embed/PBOK-DmAZuo,,,,,,,,,,,,,,,,,,
www.youtube-nocookie.com/embed/Db3B1EZNbRU,,,,,,,,,,,,,,,,,,
www.youtube-nocookie.com/embed/cm5PPtZJ2A8,,,,,,,,,,,,,,,,,,
www.youtube-nocookie.com/embed/u_jk2tK0H9M,,,,,,,,,,,,,,,,,,
www.youtube-nocookie.com/embed/K9NV5fhLkaE,,,,,,,,,,,,,,,,,,
www.youtube-nocookie.com/embed/Wqfu4t1seCU,,,,,,,,,,,,,,,,,,
www.youtube-nocookie.com/embed/6snUSmivVQI,,,,,,,,,,,,,,,,,,
www.youtube-nocookie.com/embed/0V_8WSoH0sA,,,,,,,,,,,,,,,,,,
www.youtube-nocookie.com/embed/HxCMMC3moDU,,,,,,,,,,,,,,,,,,
www.youtube-nocookie.com/embed/grGltxX_G_A,,,,,,,,,,,,,,,,,,
www.youtube-nocookie.com/embed/NX7UoWDHxm0,,,,,,,,,,,,,,,,,,
www.youtube-nocookie.com/embed/7KaJQoJxIpg,,,,,,,,,,,,,,,,,,
www.youtube-nocookie.com/embed/1lMnMpuH2o8,,,,,,,,,,,,,,,,,,
www.youtube-nocookie.com/embed/RHm9qhxjyTw,,,,,,,,,,,,,,,,,,
www.youtube-nocookie.com/embed/GQ6KFdTDbPE,,,,,,,,,,,,,,,,,,
www.youtube-nocookie.com/embed/xEmSpb0ekFg,,,,,,,,,,,,,,,,,,
www.youtube-nocookie.com/embed/RyIBzJs-F-Q,,,,,,,,,,,,,,,,,,
www.youtube-nocookie.com/embed/3jB5En3YOI0,,,,,,,,,,,,,,,,,,
www.youtube-nocookie.com/embed/LBhOMG1Tmj8,,,,,,,,,,,,,,,,,,
www.youtube-nocookie.com/embed/tifM-o_s2ak,,,,,,,,,,,,,,,,,,
www.youtube-nocookie.com/embed/faJNy3DtYbc,,,,,,,,,,,,,,,,,,
www.youtube-nocookie.com/embed/6c3vmwhlwEM,,,,,,,,,,,,,,,,,,
www.youtube-nocookie.com/embed/e2-2Loaftgw,,,,,,,,,,,,,,,,,,
www.youtube-nocookie.com/embed/Oj9kCL-qFJs,,,,,,,,,,,,,,,,,,
www.youtube-nocookie.com/embed/R-YWAcmGj_s,,,,,,,,,,,,,,,,,,
www.youtube-nocookie.com/embed/orDi-o91zkk,,,,,,,,,,,,,,,,,,
www.youtube-nocookie.com/embed/8e6k7T8dYuM,,,,,,,,,,,,,,,,,,
www.youtube-nocookie.com/embed/iL9m354sHWs,,,,,,,,,,,,,,,,,,
www.youtube-nocookie.com/embed/Qkblfn06bm8,,,,,,,,,,,,,,,,,,
www.youtube-nocookie.com/embed/nKPsARD5ogk,,,,,,,,,,,,,,,,,,
www.youtube-nocookie.com/embed/f3aZauFt9fA,,,,,,,,,,,,,,,,,,
www.youtube-nocookie.com/embed/WWSsnNeCAog,,,,,,,,,,,,,,,,,,
www.youtube-nocookie.com/embed/wXoF1yZhXRE,,,,,,,,,,,,,,,,,,
www.youtube-nocookie.com/embed/rO4JK8fOPZc,,,,,,,,,,,,,,,,,,
www.youtube-nocookie.com/embed/lI45CLP35_U,,,,,,,,,,,,,,,,,,
www.youtube-nocookie.com/embed/0AGqHpxwrR0,,,,,,,,,,,,,,,,,,
www.youtube-nocookie.com/embed/GltjKrJTAhU,,,,,,,,,,,,,,,,,,
www.youtube-nocookie.com/embed/WFrhvbTGaJs,,,,,,,,,,,,,,,,,,
www.youtube-nocookie.com/embed/7SDu3LtgFRY,,,,,,,,,,,,,,,,,,
www.youtube-nocookie.com/embed/EKGNA-0SloI,,,,,,,,,,,,,,,,,,
www.youtube-nocookie.com/embed/wpImz77fx8k,,,,,,,,,,,,,,,,,,
www.youtube-nocookie.com/embed/8zFcJWD9Y_E,,,,,,,,,,,,,,,,,,
www.youtube-nocookie.com/embed/mCoZxscNOH4,,,,,,,,,,,,,,,,,,
www.youtube-nocookie.com/embed/fohh20c63S4,,,,,,,,,,,,,,,,,,
www.youtube-nocookie.com/embed/taI4XduLpTk,,,,,,,,,,,,,,,,,,
www.youtube-nocookie.com/embed/FtjMN7n2aQE,,,,,,,,,,,,,,,,,,
www.youtube-nocookie.com/embed/R5jX5DzYnSY,,,,,,,,,,,,,,,,,,
www.youtube-nocookie.com/embed/pBL1JbwZMmc,,,,,,,,,,,,,,,,,,
www.youtube-nocookie.com/embed/HmV8JFi7Q5g,,,,,,,,,,,,,,,,,,
www.youtube-nocookie.com/embed/KNgfBz_u9LU,,,,,,,,,,,,,,,,,,
www.youtube-nocookie.com/embed/VmqDIL2xzbk,,,,,,,,,,,,,,,,,,
www.youtube-nocookie.com/embed/lVhrjZ_cemo,,,,,,,,,,,,,,,,,,
www.youtube-nocookie.com/embed/To3PMB7MOXI,,,,,,,,,,,,,,,,,,
www.youtube-nocookie.com/embed/SqvZiNu-Ptk,,,,,,,,,,,,,,,,,,
www.youtube-nocookie.com/embed/Itzz4ws6010,,,,,,,,,,,,,,,,,,
www.youtube-nocookie.com/embed/9CncX-HvsMU,,,,,,,,,,,,,,,,,,
www.youtube-nocookie.com/embed/RY_hTH2OBAA,,,,,,,,,,,,,,,,,,
www.youtube-nocookie.com/embed/WpVu2duHnQE,,,,,,,,,,,,,,,,,,
www.youtube-nocookie.com/embed/TqR3Le8Ta2w,,,,,,,,,,,,,,,,,,
www.youtube-nocookie.com/embed/PzZtn86qRLI,,,,,,,,,,,,,,,,,,
www.youtube-nocookie.com/embed/3GOYfuVjWd8,,,,,,,,,,,,,,,,,,
www.youtube-nocookie.com/embed/cr2j5Wigopw,,,,,,,,,,,,,,,,,,
www.youtube-nocookie.com/embed/K6hFPJK8DO4,,,,,,,,,,,,,,,,,,
www.youtube-nocookie.com/embed/Vqsx-7Br_I8,,,,,,,,,,,,,,,,,,
www.youtube-nocookie.com/embed/8i5Un9r95oo,,,,,,,,,,,,,,,,,,
www.youtube-nocookie.com/embed/KWo_OrBcaxQ,,,,,,,,,,,,,,,,,,
www.youtube-nocookie.com/embed/QkaRB_lbMxg,,,,,,,,,,,,,,,,,,
www.youtube-nocookie.com/embed/7oDy_CKB43U,,,,,,,,,,,,,,,,,,
www.youtube-nocookie.com/embed/W9vHOAuqju0,,,,,,,,,,,,,,,,,,
www.youtube-nocookie.com/embed/M8Rw4rak9IU,,,,,,,,,,,,,,,,,,
www.youtube-nocookie.com/embed/F33L5PuiCH8,,,,,,,,,,,,,,,,,,
www.youtube-nocookie.com/embed/KzldjgY4Mqg,,,,,,,,,,,,,,,,,,
www.youtube-nocookie.com/embed/JbyjNymZOt0,,,,,,,,,,,,,,,,,,
www.youtube-nocookie.com/embed/zmWAJ23FaiU,,,,,,,,,,,,,,,,,,
www.youtube-nocookie.com/embed/YMmgqO8Jo-k,,,,,,,,,,,,,,,,,,
www.youtube-nocookie.com/embed/KX7V59fXAW8,,,,,,,,,,,,,,,,,,
www.youtube-nocookie.com/embed/5lOLPHbK_NY,,,,,,,,,,,,,,,,,,
www.youtube-nocookie.com/embed/kQpOK4VtQUA,,,,,,,,,,,,,,,,,,
www.youtube-nocookie.com/embed/8Jqof7z3QYM,,,,,,,,,,,,,,,,,,
www.youtube-nocookie.com/embed/XMI4HDLZMf0,,,,,,,,,,,,,,,,,,
www.youtube-nocookie.com/embed/K-Jzz_yR23A,,,,,,,,,,,,,,,,,,
www.youtube-nocookie.com/embed/NwJyn4xdXVs,,,,,,,,,,,,,,,,,,
www.youtube-nocookie.com/embed/E15Q3Z9J-Zg,,,,,,,,,,,,,,,,,,
www.youtube-nocookie.com/embed/2u3jqaSkXcQ,,,,,,,,,,,,,,,,,,
www.youtube-nocookie.com/embed/mOofiDon0cs,,,,,,,,,,,,,,,,,,
www.youtube-nocookie.com/embed/YLFDm5QlMxU,,,,,,,,,,,,,,,,,,
www.youtube-nocookie.com/embed/wQb8wBj8tB0,,,,,,,,,,,,,,,,,,
www.youtube-nocookie.com/embed/EgjrEzhDgJk,,,,,,,,,,,,,,,,,,
www.youtube-nocookie.com/embed/7VACbEuKoVw,,,,,,,,,,,,,,,,,,
www.youtube-nocookie.com/embed/0uAocpXjHkM,,,,,,,,,,,,,,,,,,
www.youtube-nocookie.com/embed/L5hosxdOtB4,,,,,,,,,,,,,,,,,,
www.youtube-nocookie.com/embed/wQbtiAkU8g0,,,,,,,,,,,,,,,,,,
www.youtube-nocookie.com/embed/M74RMcJV5vw,,,,,,,,,,,,,,,,,,
www.youtube-nocookie.com/embed/d7tu5-mgz1U,,,,,,,,,,,,,,,,,,
www.youtube-nocookie.com/embed/dkdn4A3rzrA,,,,,,,,,,,,,,,,,,
www.youtube-nocookie.com/embed/pXtXl1bgZiM,,,,,,,,,,,,,,,,,,
www.youtube-nocookie.com/embed/CbpjQBJ5woM,,,,,,,,,,,,,,,,,,
www.youtube-nocookie.com/embed/wpqYo1GE8kQ,,,,,,,,,,,,,,,,,,
www.youtube-nocookie.com/embed/9LgVeFGz4t8,,,,,,,,,,,,,,,,,,
www.youtube-nocookie.com/embed/sfPSHKpd9Q8,,,,,,,,,,,,,,,,,,
www.youtube-nocookie.com/embed/jqIGErtYXis,,,,,,,,,,,,,,,,,,
www.youtube-nocookie.com/embed/bnOq9dasZ20,,,,,,,,,,,,,,,,,,
www.youtube-nocookie.com/embed/Of3dh_tiUnw,,,,,,,,,,,,,,,,,,
www.youtube-nocookie.com/embed/wj7TWuLlVZs,,,,,,,,,,,,,,,,,,
www.youtube-nocookie.com/embed/upGjqipM5IQ,,,,,,,,,,,,,,,,,,
www.youtube-nocookie.com/embed/KAF6-RvH8iU,,,,,,,,,,,,,,,,,,
www.youtube-nocookie.com/embed/Zv9iF2lWpKI,,,,,,,,,,,,,,,,,,
www.youtube-nocookie.com/embed/rVGF9BzYnCg,,,,,,,,,,,,,,,,,,
www.youtube-nocookie.com/embed/uMfy4FprGGk,,,,,,,,,,,,,,,,,,
www.youtube-nocookie.com/embed/VvnMuo2t5Gs,,,,,,,,,,,,,,,,,,
www.youtube-nocookie.com/embed/m0aRFolprCQ,,,,,,,,,,,,,,,,,,
www.youtube-nocookie.com/embed/ZXHLN8lQa1Q,,,,,,,,,,,,,,,,,,
www.youtube-nocookie.com/embed/qb-UmxS3PIE,,,,,,,,,,,,,,,,,,
www.youtube-nocookie.com/embed/rBeKRgh2SA8,,,,,,,,,,,,,,,,,,
www.youtube-nocookie.com/embed/71dyDwpb1Q0,,,,,,,,,,,,,,,,,,
www.youtube-nocookie.com/embed/RemgjPJB__s,,,,,,,,,,,,,,,,,,
www.youtube-nocookie.com/embed/eQWFn3Q1tgY,,,,,,,,,,,,,,,,,,
www.youtube-nocookie.com/embed/R9_WZq9EegM,,,,,,,,,,,,,,,,,,
www.youtube-nocookie.com/embed/7Ii2RBjBTVg,,,,,,,,,,,,,,,,,,
www.youtube-nocookie.com/embed/L2iD1YFdcdY,,,,,,,,,,,,,,,,,,
www.youtube-nocookie.com/embed/4eKiK4sx5XU,,,,,,,,,,,,,,,,,,
www.youtube-nocookie.com/embed/uqY9qNxPpbk,,,,,,,,,,,,,,,,,,
www.youtube-nocookie.com/embed/H7z81ZFRwOA,,,,,,,,,,,,,,,,,,
www.youtube-nocookie.com/embed/YyBrUV-eo00,,,,,,,,,,,,,,,,,,
www.youtube-nocookie.com/embed/2_LdjfjZYww,,,,,,,,,,,,,,,,,,
www.youtube-nocookie.com/embed/KnXyHNsm_bA,,,,,,,,,,,,,,,,,,
www.youtube-nocookie.com/embed/P4SiDv50FLU,,,,,,,,,,,,,,,,,,
www.youtube-nocookie.com/embed/AdXGw1gIRiU,,,,,,,,,,,,,,,,,,
www.youtube-nocookie.com/embed/nlQgH22nyMM,,,,,,,,,,,,,,,,,,
www.youtube-nocookie.com/embed/6qzQVSDhGuk,,,,,,,,,,,,,,,,,,
www.youtube-nocookie.com/embed/t7ajHnpaLpk,,,,,,,,,,,,,,,,,,
www.youtube-nocookie.com/embed/1qAAe1s7SLc,,,,,,,,,,,,,,,,,,
www.youtube-nocookie.com/embed/LY8OziQPikk,,,,,,,,,,,,,,,,,,
www.youtube-nocookie.com/embed/yarZH_6CG2w,,,,,,,,,,,,,,,,,,
www.youtube-nocookie.com/embed/sebcFPLFBM4,,,,,,,,,,,,,,,,,,
www.youtube-nocookie.com/embed/1uyBqQWwutU,,,,,,,,,,,,,,,,,,
www.youtube-nocookie.com/embed/oP4KGKEJM8Y,,,,,,,,,,,,,,,,,,
www.youtube-nocookie.com/embed/ZSOjxU3pdSU,,,,,,,,,,,,,,,,,,
www.youtube-nocookie.com/embed/KMZD4L4qfP4,,,,,,,,,,,,,,,,,,
www.youtube-nocookie.com/embed/tbQih9C8qIo,,,,,,,,,,,,,,,,,,
www.youtube-nocookie.com/embed/mfiWikreG4k,,,,,,,,,,,,,,,,,,
www.youtube-nocookie.com/embed/jEE3TXuiT9E,,,,,,,,,,,,,,,,,,
www.youtube-nocookie.com/embed/K8ywPBw5XuQ,,,,,,,,,,,,,,,,,,
www.youtube-nocookie.com/embed/7M2bQ1729M0,,,,,,,,,,,,,,,,,,
www.youtube-nocookie.com/embed/X2Ug5uiQKvI,,,,,,,,,,,,,,,,,,
www.youtube-nocookie.com/embed/pOZh20ZOpoA,,,,,,,,,,,,,,,,,,
www.youtube-nocookie.com/embed/6m_GFDf7Bbw,,,,,,,,,,,,,,,,,,
www.youtube-nocookie.com/embed/wE21tHW7CPo,,,,,,,,,,,,,,,,,,
www.youtube-nocookie.com/embed/ebdWtjn85jM,,,,,,,,,,,,,,,,,,
www.youtube-nocookie.com/embed/Ucoa-CbKI2k,,,,,,,,,,,,,,,,,,
www.youtube-nocookie.com/embed/jiefLRIZeMc,,,,,,,,,,,,,,,,,,
www.youtube-nocookie.com/embed/H4TTeFrjsns,,,,,,,,,,,,,,,,,,
www.youtube-nocookie.com/embed/zDWarHsGnLw,,,,,,,,,,,,,,,,,,
www.youtube-nocookie.com/embed/ZrhOC8jHeRA,,,,,,,,,,,,,,,,,,
www.youtube-nocookie.com/embed/i-NeII3-zlA,,,,,,,,,,,,,,,,,,
www.youtube-nocookie.com/embed/UViTp_wZq0I,,,,,,,,,,,,,,,,,,
www.youtube-nocookie.com/embed/zWdLamY5DNQ,,,,,,,,,,,,,,,,,,
www.youtube-nocookie.com/embed/AxB4ISULlJQ,,,,,,,,,,,,,,,,,,
www.youtube-nocookie.com/embed/wyMI_dOu1eM,,,,,,,,,,,,,,,,,,
www.youtube-nocookie.com/embed/XQJ0mElwYCE,,,,,,,,,,,,,,,,,,
www.youtube-nocookie.com/embed/HFgRjW_rYUw,,,,,,,,,,,,,,,,,,
www.youtube-nocookie.com/embed/TPuTVzuNXIY,,,,,,,,,,,,,,,,,,
www.youtube-nocookie.com/embed/mDh6eZY0k3k,,,,,,,,,,,,,,,,,,
www.youtube-nocookie.com/embed/crESxHeKVJs,,,,,,,,,,,,,,,,,,
www.youtube-nocookie.com/embed/UeHxCcoqdP8,,,,,,,,,,,,,,,,,,
www.youtube-nocookie.com/embed/r7c9VNJq_x8,,,,,,,,,,,,,,,,,,
www.youtube-nocookie.com/embed/gO3quv6MfaI,,,,,,,,,,,,,,,,,,
www.youtube-nocookie.com/embed/I2EJ5QmpB-8,,,,,,,,,,,,,,,,,,
www.youtube-nocookie.com/embed/tIrWbHV_DKs,,,,,,,,,,,,,,,,,,
www.youtube-nocookie.com/embed/6D85u8bedms,,,,,,,,,,,,,,,,,,
www.youtube-nocookie.com/embed/f9S78EWXwIY,,,,,,,,,,,,,,,,,,
www.youtube-nocookie.com/embed/Zp3p_Tba4Q8,,,,,,,,,,,,,,,,,,
www.youtube-nocookie.com/embed/LpVXNSZZbZg,,,,,,,,,,,,,,,,,,
www.youtube-nocookie.com/embed/0A2cWJkaZqA,,,,,,,,,,,,,,,,,,
www.youtube-nocookie.com/embed/KDzo3aJ6N8g,,,,,,,,,,,,,,,,,,
www.youtube-nocookie.com/embed/k24IafLTk8o,,,,,,,,,,,,,,,,,,
www.youtube-nocookie.com/embed/WugBmvJCGy0,,,,,,,,,,,,,,,,,,
www.youtube-nocookie.com/embed/g_ppCiw4kng,,,,,,,,,,,,,,,,,,
www.youtube-nocookie.com/embed/GE4nx5z-rJA,,,,,,,,,,,,,,,,,,
www.youtube-nocookie.com/embed/txKlKvB3vig,,,,,,,,,,,,,,,,,,
www.youtube-nocookie.com/embed/fBqQND7fWO8,,,,,,,,,,,,,,,,,,
www.youtube-nocookie.com/embed/h7Ku-Rqw9gE,,,,,,,,,,,,,,,,,,
www.youtube-nocookie.com/embed/zSzoIYZZudo,,,,,,,,,,,,,,,,,,
www.youtube-nocookie.com/embed/ZsvifUg6x0M,,,,,,,,,,,,,,,,,,
www.youtube-nocookie.com/embed/nHXoVpN8tmo,,,,,,,,,,,,,,,,,,
www.youtube-nocookie.com/embed/RrO7VLQLGgE,,,,,,,,,,,,,,,,,,
www.youtube-nocookie.com/embed/OLvJwe5GAfg,,,,,,,,,,,,,,,,,,
www.youtube-nocookie.com/embed/PEK0BnAvxCY,,,,,,,,,,,,,,,,,,
www.youtube-nocookie.com/embed/UvPOyPnJDoQ,,,,,,,,,,,,,,,,,,
www.youtube-nocookie.com/embed/vkGTAA8LfVo,,,,,,,,,,,,,,,,,,
www.youtube-nocookie.com/embed/icb2VKtimZ4,,,,,,,,,,,,,,,,,,
www.youtube-nocookie.com/embed/z3lkdi2rLIE,,,,,,,,,,,,,,,,,,
www.youtube-nocookie.com/embed/lNX65X2iQCA,,,,,,,,,,,,,,,,,,
www.youtube-nocookie.com/embed/z_nmCIEM53w,,,,,,,,,,,,,,,,,,
www.youtube-nocookie.com/embed/Vz0Z1wpnuMM,,,,,,,,,,,,,,,,,,
www.youtube-nocookie.com/embed/afSqRIdwwdM,,,,,,,,,,,,,,,,,,
www.youtube-nocookie.com/embed/kIJiPl8vIAo,,,,,,,,,,,,,,,,,,
www.youtube-nocookie.com/embed/y35m58y-Gw0,,,,,,,,,,,,,,,,,,
